Year,basin,PE_bin,sludge_production,sludge_spread,sludge_compost,sludge_landfill,sludge_incinerated,sludge_to_other_WWTP,sludge_industrial_valorisation,capacity,nb_WWTP
2007,Artois-Picardie,0 - 200 PE,NA,NA,NA,NA,NA,NA,NA,0.001729,13
2007,Artois-Picardie,200 - 2 000 PE,NA,NA,NA,NA,NA,NA,NA,0.177537,191
2007,Artois-Picardie,2 000 - 10 000 PE,NA,NA,NA,NA,NA,NA,NA,0.623951,122
2007,Artois-Picardie,10 000 - 100 000 PE,NA,NA,NA,NA,NA,NA,NA,2.158321,75
2007,Artois-Picardie,> 100 000 PE,NA,NA,NA,NA,NA,NA,NA,2.500333,12
2007,Rhin-Meuse,0 - 200 PE,NA,NA,NA,NA,NA,NA,NA,0.004612,40
2007,Rhin-Meuse,200 - 2 000 PE,NA,NA,NA,NA,NA,NA,NA,0.178118,234
2007,Rhin-Meuse,2 000 - 10 000 PE,NA,NA,NA,NA,NA,NA,NA,0.6187,131
2007,Rhin-Meuse,10 000 - 100 000 PE,NA,NA,NA,NA,NA,NA,NA,2.256741,80
2007,Rhin-Meuse,> 100 000 PE,NA,NA,NA,NA,NA,NA,NA,2.999,8
2007,Seine-Normandie,0 - 200 PE,NA,NA,NA,NA,NA,NA,NA,0.029014,264
2007,Seine-Normandie,200 - 2 000 PE,NA,NA,NA,NA,NA,NA,NA,0.954267,1368
2007,Seine-Normandie,2 000 - 10 000 PE,NA,NA,NA,NA,NA,NA,NA,1.474194,372
2007,Seine-Normandie,10 000 - 100 000 PE,NA,NA,NA,NA,NA,NA,NA,4.021334,143
2007,Seine-Normandie,> 100 000 PE,NA,NA,NA,NA,NA,NA,NA,16.962549,23
2007,Loire-Bretagne,0 - 200 PE,NA,NA,NA,NA,NA,NA,NA,0.158099,1591
2007,Loire-Bretagne,200 - 2 000 PE,NA,NA,NA,NA,NA,NA,NA,1.914576,3010
2007,Loire-Bretagne,2 000 - 10 000 PE,NA,NA,NA,NA,NA,NA,NA,2.447749,550
2007,Loire-Bretagne,10 000 - 100 000 PE,NA,NA,NA,NA,NA,NA,NA,6.601499,216
2007,Loire-Bretagne,> 100 000 PE,NA,NA,NA,NA,NA,NA,NA,5.934497,27
2007,Adour-Garonne,0 - 200 PE,NA,NA,NA,NA,NA,NA,NA,0.087366,900
2007,Adour-Garonne,200 - 2 000 PE,NA,NA,NA,NA,NA,NA,NA,0.921668,1373
2007,Adour-Garonne,2 000 - 10 000 PE,NA,NA,NA,NA,NA,NA,NA,1.09458,259
2007,Adour-Garonne,10 000 - 100 000 PE,NA,NA,NA,NA,NA,NA,NA,3.481395,133
2007,Adour-Garonne,> 100 000 PE,NA,NA,NA,NA,NA,NA,NA,3.597233,16
2007,Rhône-Méditerranée,0 - 200 PE,NA,NA,NA,NA,NA,NA,NA,0.093764,881
2007,Rhône-Méditerranée,200 - 2 000 PE,NA,NA,NA,NA,NA,NA,NA,1.428032,2198
2007,Rhône-Méditerranée,2 000 - 10 000 PE,NA,NA,NA,NA,NA,NA,NA,2.345272,532
2007,Rhône-Méditerranée,10 000 - 100 000 PE,NA,NA,NA,NA,NA,NA,NA,8.114224,260
2007,Rhône-Méditerranée,> 100 000 PE,NA,NA,NA,NA,NA,NA,NA,10.178248,34
2008,Artois-Picardie,0 - 200 PE,NA,NA,NA,NA,NA,NA,NA,0.001829,14
2008,Artois-Picardie,200 - 2 000 PE,NA,NA,NA,NA,NA,NA,NA,0.181735,198
2008,Artois-Picardie,2 000 - 10 000 PE,NA,NA,NA,NA,NA,NA,NA,0.635201,124
2008,Artois-Picardie,10 000 - 100 000 PE,NA,NA,NA,NA,NA,NA,NA,2.246704,78
2008,Artois-Picardie,> 100 000 PE,NA,NA,NA,NA,NA,NA,NA,2.500333,12
2008,Rhin-Meuse,0 - 200 PE,NA,NA,NA,NA,NA,NA,NA,0.005223,44
2008,Rhin-Meuse,200 - 2 000 PE,NA,NA,NA,NA,NA,NA,NA,0.187668,246
2008,Rhin-Meuse,2 000 - 10 000 PE,NA,NA,NA,NA,NA,NA,NA,0.643763,136
2008,Rhin-Meuse,10 000 - 100 000 PE,NA,NA,NA,NA,NA,NA,NA,2.499891,84
2008,Rhin-Meuse,> 100 000 PE,NA,NA,NA,NA,NA,NA,NA,2.999,8
2008,Seine-Normandie,0 - 200 PE,NA,NA,NA,NA,NA,NA,NA,0.030314,275
2008,Seine-Normandie,200 - 2 000 PE,NA,NA,NA,NA,NA,NA,NA,0.983949,1402
2008,Seine-Normandie,2 000 - 10 000 PE,NA,NA,NA,NA,NA,NA,NA,1.534252,387
2008,Seine-Normandie,10 000 - 100 000 PE,NA,NA,NA,NA,NA,NA,NA,4.319988,152
2008,Seine-Normandie,> 100 000 PE,NA,NA,NA,NA,NA,NA,NA,16.962549,23
2008,Loire-Bretagne,0 - 200 PE,NA,NA,NA,NA,NA,NA,NA,0.16534,1654
2008,Loire-Bretagne,200 - 2 000 PE,NA,NA,NA,NA,NA,NA,NA,2.000264,3134
2008,Loire-Bretagne,2 000 - 10 000 PE,NA,NA,NA,NA,NA,NA,NA,2.641153,593
2008,Loire-Bretagne,10 000 - 100 000 PE,NA,NA,NA,NA,NA,NA,NA,6.869699,228
2008,Loire-Bretagne,> 100 000 PE,NA,NA,NA,NA,NA,NA,NA,5.934497,27
2008,Adour-Garonne,0 - 200 PE,NA,NA,NA,NA,NA,NA,NA,0.096381,989
2008,Adour-Garonne,200 - 2 000 PE,NA,NA,NA,NA,NA,NA,NA,0.971883,1464
2008,Adour-Garonne,2 000 - 10 000 PE,NA,NA,NA,NA,NA,NA,NA,1.188055,280
2008,Adour-Garonne,10 000 - 100 000 PE,NA,NA,NA,NA,NA,NA,NA,3.627395,139
2008,Adour-Garonne,> 100 000 PE,NA,NA,NA,NA,NA,NA,NA,3.597233,16
2008,Rhône-Méditerranée,0 - 200 PE,NA,NA,NA,NA,NA,NA,NA,0.097462,918
2008,Rhône-Méditerranée,200 - 2 000 PE,NA,NA,NA,NA,NA,NA,NA,1.498487,2316
2008,Rhône-Méditerranée,2 000 - 10 000 PE,NA,NA,NA,NA,NA,NA,NA,2.557839,579
2008,Rhône-Méditerranée,10 000 - 100 000 PE,NA,NA,NA,NA,NA,NA,NA,8.809574,279
2008,Rhône-Méditerranée,> 100 000 PE,NA,NA,NA,NA,NA,NA,NA,10.398248,35
2009,Artois-Picardie,0 - 200 PE,NA,NA,NA,NA,NA,NA,NA,0.001949,15
2009,Artois-Picardie,200 - 2 000 PE,NA,NA,NA,NA,NA,NA,NA,0.184455,202
2009,Artois-Picardie,2 000 - 10 000 PE,NA,NA,NA,NA,NA,NA,NA,0.650817,127
2009,Artois-Picardie,10 000 - 100 000 PE,NA,NA,NA,NA,NA,NA,NA,2.456337,83
2009,Artois-Picardie,> 100 000 PE,NA,NA,NA,NA,NA,NA,NA,2.500333,12
2009,Rhin-Meuse,0 - 200 PE,NA,NA,NA,NA,NA,NA,NA,0.005633,48
2009,Rhin-Meuse,200 - 2 000 PE,NA,NA,NA,NA,NA,NA,NA,0.196598,261
2009,Rhin-Meuse,2 000 - 10 000 PE,NA,NA,NA,NA,NA,NA,NA,0.667363,141
2009,Rhin-Meuse,10 000 - 100 000 PE,NA,NA,NA,NA,NA,NA,NA,2.531391,86
2009,Rhin-Meuse,> 100 000 PE,NA,NA,NA,NA,NA,NA,NA,2.999,8
2009,Seine-Normandie,0 - 200 PE,NA,NA,NA,NA,NA,NA,NA,0.031249,283
2009,Seine-Normandie,200 - 2 000 PE,NA,NA,NA,NA,NA,NA,NA,1.006169,1433
2009,Seine-Normandie,2 000 - 10 000 PE,NA,NA,NA,NA,NA,NA,NA,1.616002,400
2009,Seine-Normandie,10 000 - 100 000 PE,NA,NA,NA,NA,NA,NA,NA,4.837791,163
2009,Seine-Normandie,> 100 000 PE,NA,NA,NA,NA,NA,NA,NA,17.077549,24
2009,Loire-Bretagne,0 - 200 PE,NA,NA,NA,NA,NA,NA,NA,0.16988,1691
2009,Loire-Bretagne,200 - 2 000 PE,NA,NA,NA,NA,NA,NA,NA,2.077732,3234
2009,Loire-Bretagne,2 000 - 10 000 PE,NA,NA,NA,NA,NA,NA,NA,2.876856,646
2009,Loire-Bretagne,10 000 - 100 000 PE,NA,NA,NA,NA,NA,NA,NA,6.934999,232
2009,Loire-Bretagne,> 100 000 PE,NA,NA,NA,NA,NA,NA,NA,6.387997,29
2009,Adour-Garonne,0 - 200 PE,NA,NA,NA,NA,NA,NA,NA,0.101946,1040
2009,Adour-Garonne,200 - 2 000 PE,NA,NA,NA,NA,NA,NA,NA,1.013608,1528
2009,Adour-Garonne,2 000 - 10 000 PE,NA,NA,NA,NA,NA,NA,NA,1.302138,303
2009,Adour-Garonne,10 000 - 100 000 PE,NA,NA,NA,NA,NA,NA,NA,3.868678,150
2009,Adour-Garonne,> 100 000 PE,NA,NA,NA,NA,NA,NA,NA,3.7089,17
2009,Rhône-Méditerranée,0 - 200 PE,NA,NA,NA,NA,NA,NA,NA,0.101774,953
2009,Rhône-Méditerranée,200 - 2 000 PE,NA,NA,NA,NA,NA,NA,NA,1.559293,2407
2009,Rhône-Méditerranée,2 000 - 10 000 PE,NA,NA,NA,NA,NA,NA,NA,2.671939,606
2009,Rhône-Méditerranée,10 000 - 100 000 PE,NA,NA,NA,NA,NA,NA,NA,9.334424,297
2009,Rhône-Méditerranée,> 100 000 PE,NA,NA,NA,NA,NA,NA,NA,10.574248,36
2010,Artois-Picardie,0 - 200 PE,NA,NA,NA,NA,NA,NA,NA,0.002069,16
2010,Artois-Picardie,200 - 2 000 PE,NA,NA,NA,NA,NA,NA,NA,0.18721,206
2010,Artois-Picardie,2 000 - 10 000 PE,NA,NA,NA,NA,NA,NA,NA,0.66215,129
2010,Artois-Picardie,10 000 - 100 000 PE,NA,NA,NA,NA,NA,NA,NA,2.496837,84
2010,Artois-Picardie,> 100 000 PE,NA,NA,NA,NA,NA,NA,NA,2.500333,12
2010,Rhin-Meuse,0 - 200 PE,NA,NA,NA,NA,NA,NA,NA,0.006313,52
2010,Rhin-Meuse,200 - 2 000 PE,NA,NA,NA,NA,NA,NA,NA,0.211513,288
2010,Rhin-Meuse,2 000 - 10 000 PE,NA,NA,NA,NA,NA,NA,NA,0.717958,151
2010,Rhin-Meuse,10 000 - 100 000 PE,NA,NA,NA,NA,NA,NA,NA,2.546391,87
2010,Rhin-Meuse,> 100 000 PE,NA,NA,NA,NA,NA,NA,NA,2.999,8
2010,Seine-Normandie,0 - 200 PE,NA,NA,NA,NA,NA,NA,NA,0.032339,292
2010,Seine-Normandie,200 - 2 000 PE,NA,NA,NA,NA,NA,NA,NA,1.024268,1453
2010,Seine-Normandie,2 000 - 10 000 PE,NA,NA,NA,NA,NA,NA,NA,1.718278,421
2010,Seine-Normandie,10 000 - 100 000 PE,NA,NA,NA,NA,NA,NA,NA,4.990424,169
2010,Seine-Normandie,> 100 000 PE,NA,NA,NA,NA,NA,NA,NA,17.399549,25
2010,Loire-Bretagne,0 - 200 PE,NA,NA,NA,NA,NA,NA,NA,0.173242,1722
2010,Loire-Bretagne,200 - 2 000 PE,NA,NA,NA,NA,NA,NA,NA,2.13421,3300
2010,Loire-Bretagne,2 000 - 10 000 PE,NA,NA,NA,NA,NA,NA,NA,3.029712,682
2010,Loire-Bretagne,10 000 - 100 000 PE,NA,NA,NA,NA,NA,NA,NA,7.040999,236
2010,Loire-Bretagne,> 100 000 PE,NA,NA,NA,NA,NA,NA,NA,6.387997,29
2010,Adour-Garonne,0 - 200 PE,NA,NA,NA,NA,NA,NA,NA,0.107971,1097
2010,Adour-Garonne,200 - 2 000 PE,NA,NA,NA,NA,NA,NA,NA,1.053578,1594
2010,Adour-Garonne,2 000 - 10 000 PE,NA,NA,NA,NA,NA,NA,NA,1.395395,323
2010,Adour-Garonne,10 000 - 100 000 PE,NA,NA,NA,NA,NA,NA,NA,4.090178,154
2010,Adour-Garonne,> 100 000 PE,NA,NA,NA,NA,NA,NA,NA,3.7089,17
2010,Rhône-Méditerranée,0 - 200 PE,NA,NA,NA,NA,NA,NA,NA,0.104916,980
2010,Rhône-Méditerranée,200 - 2 000 PE,NA,NA,NA,NA,NA,NA,NA,1.620653,2485
2010,Rhône-Méditerranée,2 000 - 10 000 PE,NA,NA,NA,NA,NA,NA,NA,2.841879,644
2010,Rhône-Méditerranée,10 000 - 100 000 PE,NA,NA,NA,NA,NA,NA,NA,9.69101,307
2010,Rhône-Méditerranée,> 100 000 PE,NA,NA,NA,NA,NA,NA,NA,10.920848,37
2011,Artois-Picardie,0 - 200 PE,NA,NA,NA,NA,NA,NA,NA,0.002639,20
2011,Artois-Picardie,200 - 2 000 PE,NA,NA,NA,NA,NA,NA,NA,0.19154,212
2011,Artois-Picardie,2 000 - 10 000 PE,NA,NA,NA,NA,NA,NA,NA,0.68221,133
2011,Artois-Picardie,10 000 - 100 000 PE,NA,NA,NA,NA,NA,NA,NA,2.511037,85
2011,Artois-Picardie,> 100 000 PE,NA,NA,NA,NA,NA,NA,NA,2.500333,12
2011,Rhin-Meuse,0 - 200 PE,NA,NA,NA,NA,NA,NA,NA,0.007624,69
2011,Rhin-Meuse,200 - 2 000 PE,NA,NA,NA,NA,NA,NA,NA,0.231491,317
2011,Rhin-Meuse,2 000 - 10 000 PE,NA,NA,NA,NA,NA,NA,NA,0.765377,161
2011,Rhin-Meuse,10 000 - 100 000 PE,NA,NA,NA,NA,NA,NA,NA,2.558891,88
2011,Rhin-Meuse,> 100 000 PE,NA,NA,NA,NA,NA,NA,NA,3.20355,9
2011,Seine-Normandie,0 - 200 PE,NA,NA,NA,NA,NA,NA,NA,0.033914,306
2011,Seine-Normandie,200 - 2 000 PE,NA,NA,NA,NA,NA,NA,NA,1.051043,1491
2011,Seine-Normandie,2 000 - 10 000 PE,NA,NA,NA,NA,NA,NA,NA,1.805328,442
2011,Seine-Normandie,10 000 - 100 000 PE,NA,NA,NA,NA,NA,NA,NA,5.083929,174
2011,Seine-Normandie,> 100 000 PE,NA,NA,NA,NA,NA,NA,NA,17.566299,26
2011,Loire-Bretagne,0 - 200 PE,NA,NA,NA,NA,NA,NA,NA,0.175221,1740
2011,Loire-Bretagne,200 - 2 000 PE,NA,NA,NA,NA,NA,NA,NA,2.173315,3353
2011,Loire-Bretagne,2 000 - 10 000 PE,NA,NA,NA,NA,NA,NA,NA,3.178478,716
2011,Loire-Bretagne,10 000 - 100 000 PE,NA,NA,NA,NA,NA,NA,NA,7.163699,242
2011,Loire-Bretagne,> 100 000 PE,NA,NA,NA,NA,NA,NA,NA,6.387997,29
2011,Adour-Garonne,0 - 200 PE,NA,NA,NA,NA,NA,NA,NA,0.113076,1145
2011,Adour-Garonne,200 - 2 000 PE,NA,NA,NA,NA,NA,NA,NA,1.088758,1658
2011,Adour-Garonne,2 000 - 10 000 PE,NA,NA,NA,NA,NA,NA,NA,1.507362,349
2011,Adour-Garonne,10 000 - 100 000 PE,NA,NA,NA,NA,NA,NA,NA,4.196278,159
2011,Adour-Garonne,> 100 000 PE,NA,NA,NA,NA,NA,NA,NA,3.7089,17
2011,Rhône-Méditerranée,0 - 200 PE,NA,NA,NA,NA,NA,NA,NA,0.108075,1007
2011,Rhône-Méditerranée,200 - 2 000 PE,NA,NA,NA,NA,NA,NA,NA,1.669823,2551
2011,Rhône-Méditerranée,2 000 - 10 000 PE,NA,NA,NA,NA,NA,NA,NA,2.971099,670
2011,Rhône-Méditerranée,10 000 - 100 000 PE,NA,NA,NA,NA,NA,NA,NA,10.031858,322
2011,Rhône-Méditerranée,> 100 000 PE,NA,NA,NA,NA,NA,NA,NA,11.340848,39
2012,Artois-Picardie,0 - 200 PE,NA,NA,NA,NA,NA,NA,NA,0.002789,21
2012,Artois-Picardie,200 - 2 000 PE,NA,NA,NA,NA,NA,NA,NA,0.200066,222
2012,Artois-Picardie,2 000 - 10 000 PE,NA,NA,NA,NA,NA,NA,NA,0.69541,138
2012,Artois-Picardie,10 000 - 100 000 PE,NA,NA,NA,NA,NA,NA,NA,2.511037,85
2012,Artois-Picardie,> 100 000 PE,NA,NA,NA,NA,NA,NA,NA,2.500333,12
2012,Rhin-Meuse,0 - 200 PE,NA,NA,NA,NA,NA,NA,NA,0.009572,83
2012,Rhin-Meuse,200 - 2 000 PE,NA,NA,NA,NA,NA,NA,NA,0.255573,356
2012,Rhin-Meuse,2 000 - 10 000 PE,NA,NA,NA,NA,NA,NA,NA,0.787477,166
2012,Rhin-Meuse,10 000 - 100 000 PE,NA,NA,NA,NA,NA,NA,NA,2.558891,88
2012,Rhin-Meuse,> 100 000 PE,NA,NA,NA,NA,NA,NA,NA,3.20355,9
2012,Seine-Normandie,0 - 200 PE,NA,NA,NA,NA,NA,NA,NA,0.035517,319
2012,Seine-Normandie,200 - 2 000 PE,NA,NA,NA,NA,NA,NA,NA,1.064618,1510
2012,Seine-Normandie,2 000 - 10 000 PE,NA,NA,NA,NA,NA,NA,NA,1.835768,450
2012,Seine-Normandie,10 000 - 100 000 PE,NA,NA,NA,NA,NA,NA,NA,5.165262,178
2012,Seine-Normandie,> 100 000 PE,NA,NA,NA,NA,NA,NA,NA,17.566299,26
2012,Loire-Bretagne,0 - 200 PE,NA,NA,NA,NA,NA,NA,NA,0.177251,1757
2012,Loire-Bretagne,200 - 2 000 PE,NA,NA,NA,NA,NA,NA,NA,2.213353,3408
2012,Loire-Bretagne,2 000 - 10 000 PE,NA,NA,NA,NA,NA,NA,NA,3.261036,737
2012,Loire-Bretagne,10 000 - 100 000 PE,NA,NA,NA,NA,NA,NA,NA,7.254699,244
2012,Loire-Bretagne,> 100 000 PE,NA,NA,NA,NA,NA,NA,NA,6.489997,30
2012,Adour-Garonne,0 - 200 PE,NA,NA,NA,NA,NA,NA,NA,0.117241,1180
2012,Adour-Garonne,200 - 2 000 PE,NA,NA,NA,NA,NA,NA,NA,1.126148,1713
2012,Adour-Garonne,2 000 - 10 000 PE,NA,NA,NA,NA,NA,NA,NA,1.598503,369
2012,Adour-Garonne,10 000 - 100 000 PE,NA,NA,NA,NA,NA,NA,NA,4.313278,161
2012,Adour-Garonne,> 100 000 PE,NA,NA,NA,NA,NA,NA,NA,3.7089,17
2012,Rhône-Méditerranée,0 - 200 PE,NA,NA,NA,NA,NA,NA,NA,0.112117,1040
2012,Rhône-Méditerranée,200 - 2 000 PE,NA,NA,NA,NA,NA,NA,NA,1.708238,2606
2012,Rhône-Méditerranée,2 000 - 10 000 PE,NA,NA,NA,NA,NA,NA,NA,3.059482,688
2012,Rhône-Méditerranée,10 000 - 100 000 PE,NA,NA,NA,NA,NA,NA,NA,10.201261,330
2012,Rhône-Méditerranée,> 100 000 PE,NA,NA,NA,NA,NA,NA,NA,11.590848,40
2013,Artois-Picardie,0 - 200 PE,NA,NA,NA,NA,NA,NA,NA,0.003029,23
2013,Artois-Picardie,200 - 2 000 PE,NA,NA,NA,NA,NA,NA,NA,0.204936,230
2013,Artois-Picardie,2 000 - 10 000 PE,NA,NA,NA,NA,NA,NA,NA,0.726477,143
2013,Artois-Picardie,10 000 - 100 000 PE,NA,NA,NA,NA,NA,NA,NA,2.527087,86
2013,Artois-Picardie,> 100 000 PE,NA,NA,NA,NA,NA,NA,NA,2.500333,12
2013,Rhin-Meuse,0 - 200 PE,NA,NA,NA,NA,NA,NA,NA,0.012541,105
2013,Rhin-Meuse,200 - 2 000 PE,NA,NA,NA,NA,NA,NA,NA,0.272164,396
2013,Rhin-Meuse,2 000 - 10 000 PE,NA,NA,NA,NA,NA,NA,NA,0.825097,171
2013,Rhin-Meuse,10 000 - 100 000 PE,NA,NA,NA,NA,NA,NA,NA,2.569891,89
2013,Rhin-Meuse,> 100 000 PE,NA,NA,NA,NA,NA,NA,NA,3.20355,9
2013,Seine-Normandie,0 - 200 PE,NA,NA,NA,NA,NA,NA,NA,0.039095,349
2013,Seine-Normandie,200 - 2 000 PE,NA,NA,NA,NA,NA,NA,NA,1.092416,1547
2013,Seine-Normandie,2 000 - 10 000 PE,NA,NA,NA,NA,NA,NA,NA,1.870938,456
2013,Seine-Normandie,10 000 - 100 000 PE,NA,NA,NA,NA,NA,NA,NA,5.165262,178
2013,Seine-Normandie,> 100 000 PE,NA,NA,NA,NA,NA,NA,NA,17.566299,26
2013,Loire-Bretagne,0 - 200 PE,NA,NA,NA,NA,NA,NA,NA,0.178422,1771
2013,Loire-Bretagne,200 - 2 000 PE,NA,NA,NA,NA,NA,NA,NA,2.253448,3455
2013,Loire-Bretagne,2 000 - 10 000 PE,NA,NA,NA,NA,NA,NA,NA,3.312586,751
2013,Loire-Bretagne,10 000 - 100 000 PE,NA,NA,NA,NA,NA,NA,NA,7.316199,246
2013,Loire-Bretagne,> 100 000 PE,NA,NA,NA,NA,NA,NA,NA,6.489997,30
2013,Adour-Garonne,0 - 200 PE,NA,NA,NA,NA,NA,NA,NA,0.121909,1221
2013,Adour-Garonne,200 - 2 000 PE,NA,NA,NA,NA,NA,NA,NA,1.161863,1764
2013,Adour-Garonne,2 000 - 10 000 PE,NA,NA,NA,NA,NA,NA,NA,1.677478,387
2013,Adour-Garonne,10 000 - 100 000 PE,NA,NA,NA,NA,NA,NA,NA,4.323349,162
2013,Adour-Garonne,> 100 000 PE,NA,NA,NA,NA,NA,NA,NA,3.7089,17
2013,Rhône-Méditerranée,0 - 200 PE,NA,NA,NA,NA,NA,NA,NA,0.115462,1072
2013,Rhône-Méditerranée,200 - 2 000 PE,NA,NA,NA,NA,NA,NA,NA,1.752419,2674
2013,Rhône-Méditerranée,2 000 - 10 000 PE,NA,NA,NA,NA,NA,NA,NA,3.143649,708
2013,Rhône-Méditerranée,10 000 - 100 000 PE,NA,NA,NA,NA,NA,NA,NA,10.227261,332
2013,Rhône-Méditerranée,> 100 000 PE,NA,NA,NA,NA,NA,NA,NA,11.707514,41
2014,Artois-Picardie,0 - 200 PE,NA,NA,NA,NA,NA,NA,NA,0.003109,24
2014,Artois-Picardie,200 - 2 000 PE,NA,NA,NA,NA,NA,NA,NA,0.20873,236
2014,Artois-Picardie,2 000 - 10 000 PE,NA,NA,NA,NA,NA,NA,NA,0.735177,145
2014,Artois-Picardie,10 000 - 100 000 PE,NA,NA,NA,NA,NA,NA,NA,2.527087,86
2014,Artois-Picardie,> 100 000 PE,NA,NA,NA,NA,NA,NA,NA,2.500333,12
2014,Rhin-Meuse,0 - 200 PE,NA,NA,NA,NA,NA,NA,NA,0.01333,111
2014,Rhin-Meuse,200 - 2 000 PE,NA,NA,NA,NA,NA,NA,NA,0.285548,420
2014,Rhin-Meuse,2 000 - 10 000 PE,NA,NA,NA,NA,NA,NA,NA,0.835797,174
2014,Rhin-Meuse,10 000 - 100 000 PE,NA,NA,NA,NA,NA,NA,NA,2.662891,92
2014,Rhin-Meuse,> 100 000 PE,NA,NA,NA,NA,NA,NA,NA,3.20355,9
2014,Seine-Normandie,0 - 200 PE,NA,NA,NA,NA,NA,NA,NA,0.040375,358
2014,Seine-Normandie,200 - 2 000 PE,NA,NA,NA,NA,NA,NA,NA,1.109794,1574
2014,Seine-Normandie,2 000 - 10 000 PE,NA,NA,NA,NA,NA,NA,NA,1.939058,469
2014,Seine-Normandie,10 000 - 100 000 PE,NA,NA,NA,NA,NA,NA,NA,5.185262,179
2014,Seine-Normandie,> 100 000 PE,NA,NA,NA,NA,NA,NA,NA,17.886299,27
2014,Loire-Bretagne,0 - 200 PE,NA,NA,NA,NA,NA,NA,NA,0.179916,1792
2014,Loire-Bretagne,200 - 2 000 PE,NA,NA,NA,NA,NA,NA,NA,2.275996,3487
2014,Loire-Bretagne,2 000 - 10 000 PE,NA,NA,NA,NA,NA,NA,NA,3.347661,762
2014,Loire-Bretagne,10 000 - 100 000 PE,NA,NA,NA,NA,NA,NA,NA,7.348199,248
2014,Loire-Bretagne,> 100 000 PE,NA,NA,NA,NA,NA,NA,NA,6.489997,30
2014,Adour-Garonne,0 - 200 PE,NA,NA,NA,NA,NA,NA,NA,0.125473,1261
2014,Adour-Garonne,200 - 2 000 PE,NA,NA,NA,NA,NA,NA,NA,1.183884,1790
2014,Adour-Garonne,2 000 - 10 000 PE,NA,NA,NA,NA,NA,NA,NA,1.740261,401
2014,Adour-Garonne,10 000 - 100 000 PE,NA,NA,NA,NA,NA,NA,NA,4.454149,168
2014,Adour-Garonne,> 100 000 PE,NA,NA,NA,NA,NA,NA,NA,4.1859,18
2014,Rhône-Méditerranée,0 - 200 PE,NA,NA,NA,NA,NA,NA,NA,0.116902,1090
2014,Rhône-Méditerranée,200 - 2 000 PE,NA,NA,NA,NA,NA,NA,NA,1.788007,2723
2014,Rhône-Méditerranée,2 000 - 10 000 PE,NA,NA,NA,NA,NA,NA,NA,3.214209,725
2014,Rhône-Méditerranée,10 000 - 100 000 PE,NA,NA,NA,NA,NA,NA,NA,10.248261,333
2014,Rhône-Méditerranée,> 100 000 PE,NA,NA,NA,NA,NA,NA,NA,11.831514,42
2015,Artois-Picardie,0 - 200 PE,1.23e-4,0,0,0,0,0,0,0.003379,27
2015,Artois-Picardie,200 - 2 000 PE,0.001737,0,0,0,0,0,0,0.213918,244
2015,Artois-Picardie,2 000 - 10 000 PE,0.006955,8.2e-5,0,0,0,0,0,0.744327,146
2015,Artois-Picardie,10 000 - 100 000 PE,0.028531,0,0,0,0,0,0,2.51492,85
2015,Artois-Picardie,> 100 000 PE,0.03223,0,0,0,0,0,0,2.500333,12
2015,Rhin-Meuse,0 - 200 PE,8.2e-5,0,0,0,0,0,0,0.014851,121
2015,Rhin-Meuse,200 - 2 000 PE,0.001383,1e-6,0,0,0,0,0,0.306818,451
2015,Rhin-Meuse,2 000 - 10 000 PE,0.009259,8e-6,9.3e-5,0,0,0,0,0.835797,174
2015,Rhin-Meuse,10 000 - 100 000 PE,0.032947,0,0,0,0,0,0,2.662891,92
2015,Rhin-Meuse,> 100 000 PE,0.040785,0,0,0,0,0,0,3.20355,9
2015,Seine-Normandie,0 - 200 PE,3.14e-4,2.9e-5,0,0,0,0,0,0.043293,382
2015,Seine-Normandie,200 - 2 000 PE,0.00817,7.8e-5,5.4e-5,0,3e-6,7e-6,0,1.15407,1628
2015,Seine-Normandie,2 000 - 10 000 PE,0.019833,8.1e-4,2.3e-5,1e-5,0,4e-6,0,2.001394,480
2015,Seine-Normandie,10 000 - 100 000 PE,0.062344,0.001485,0.001285,0,3.2e-5,0,0,5.179862,178
2015,Seine-Normandie,> 100 000 PE,0.221221,0,0,0,0,0,0,19.196633,28
2015,Loire-Bretagne,0 - 200 PE,9.43e-4,0,0,0,0,0,0,0.223008,2283
2015,Loire-Bretagne,200 - 2 000 PE,0.017009,3.2e-5,1.6e-5,0,0,7e-6,0,2.382333,3654
2015,Loire-Bretagne,2 000 - 10 000 PE,0.031143333,3.67e-4,0,0,0,0,0,3.406456,778
2015,Loire-Bretagne,10 000 - 100 000 PE,0.067011,8.32e-4,8.96e-4,0,0,0,0,7.305296,246
2015,Loire-Bretagne,> 100 000 PE,0.084538,0,0,0,0,0,0,6.489997,30
2015,Adour-Garonne,0 - 200 PE,3.48e-4,0,0,0,0,0,0,0.142869,1476
2015,Adour-Garonne,200 - 2 000 PE,0.006985,1e-5,1e-6,0,0,1.6e-5,0,1.249299,1887
2015,Adour-Garonne,2 000 - 10 000 PE,0.011962,0,8.4e-5,0,2.9e-5,0,0,1.779344,413
2015,Adour-Garonne,10 000 - 100 000 PE,0.044591,0,0,0,0,0,0,4.549032,170
2015,Adour-Garonne,> 100 000 PE,0.050964,0,0,0,0,0,0,4.1859,18
2015,Rhône-Méditerranée,0 - 200 PE,4.48e-4,0,0,0,0,0,0,0.129014,1215
2015,Rhône-Méditerranée,200 - 2 000 PE,0.007181,0,1.1e-5,0,0,1e-6,0,1.886808,2879
2015,Rhône-Méditerranée,2 000 - 10 000 PE,0.028477,0,1.79e-4,3e-6,0,0,0,3.316178,743
2015,Rhône-Méditerranée,10 000 - 100 000 PE,0.099989,0,3.43e-4,0,0,0,0,10.297262,335
2015,Rhône-Méditerranée,> 100 000 PE,0.156985,0,0,0,0,0,0,11.842681,42
2016,Artois-Picardie,0 - 200 PE,3.36e-6,0,0,0,0,0,0,0.003367,27
2016,Artois-Picardie,200 - 2 000 PE,0.0014646400000000008,0,0,0,0,0,0,0.216217,247
2016,Artois-Picardie,2 000 - 10 000 PE,0.007661429999999999,0,0,0,0,0,0,0.751328,146
2016,Artois-Picardie,10 000 - 100 000 PE,0.03132547999999999,0,0,0,0,0,0,2.525014,86
2016,Artois-Picardie,> 100 000 PE,0.03405077,0,0,0,0,0,0,2.536833,12
2016,Rhin-Meuse,0 - 200 PE,8.583e-5,0,0,0,0,0,0,0.015429,126
2016,Rhin-Meuse,200 - 2 000 PE,0.0013543100000000029,0,0,0,0,0,0,0.323345,485
2016,Rhin-Meuse,2 000 - 10 000 PE,0.00858198,0,0,0,0,0,0,0.822114,175
2016,Rhin-Meuse,10 000 - 100 000 PE,0.030828429999999997,0,0,0,0,0,0,2.668291,93
2016,Rhin-Meuse,> 100 000 PE,0.0405263,0,0,0,0,0,0,3.20355,9
2016,Seine-Normandie,0 - 200 PE,3.5797999999999993e-4,1e-6,0,0,0,0,0,0.0455,402
2016,Seine-Normandie,200 - 2 000 PE,0.007221780000000002,1.8e-5,0,0,0,0,0,1.162734,1635
2016,Seine-Normandie,2 000 - 10 000 PE,0.018524400000000003,2.32e-4,0,0,0,4e-5,0,1.981358,473
2016,Seine-Normandie,10 000 - 100 000 PE,0.06152956999999998,0.001543,0,0,0,0,0,5.295873,182
2016,Seine-Normandie,> 100 000 PE,0.15061072,0,0,0,0,0,0,18.919966,27
2016,Loire-Bretagne,0 - 200 PE,7.721699999999995e-4,0,0,0,0,0,0,0.227797,2323
2016,Loire-Bretagne,200 - 2 000 PE,0.015210930000000004,4.2e-5,0,0,0,0,0,2.374789,3630
2016,Loire-Bretagne,2 000 - 10 000 PE,0.030283570000000017,3.65e-4,0,0,0,0,0,3.465379,785
2016,Loire-Bretagne,10 000 - 100 000 PE,0.06609637000000003,4.12e-4,8.89e-4,0,0,0,0,7.292789,244
2016,Loire-Bretagne,> 100 000 PE,0.08064695,0,0,0,0,0,0,6.489997,30
2016,Adour-Garonne,0 - 200 PE,5.849100000000002e-4,0,0,0,0,0,0,0.144089,1489
2016,Adour-Garonne,200 - 2 000 PE,0.008156070000000001,0,5e-6,0,0,8e-6,0,1.24895,1888
2016,Adour-Garonne,2 000 - 10 000 PE,0.013193380000000003,0,4.7e-5,0,2.9e-5,0,0,1.740124,398
2016,Adour-Garonne,10 000 - 100 000 PE,0.03917355999999998,0,0,0,0,0,0,4.564166,170
2016,Adour-Garonne,> 100 000 PE,0.03448269,0,0,0,0,0,0,4.1859,18
2016,Rhône-Méditerranée,0 - 200 PE,5.698899999999999e-4,0,0,0,0,0,0,0.134425,1281
2016,Rhône-Méditerranée,200 - 2 000 PE,0.008651140000000003,2e-6,0,0,0,3e-6,0,1.896108,2901
2016,Rhône-Méditerranée,2 000 - 10 000 PE,0.02988339999999999,0,3.9e-5,0,0,0,0,3.276741,734
2016,Rhône-Méditerranée,10 000 - 100 000 PE,0.10186899999999995,3.1e-5,3.15e-4,0,0,0,0,10.486795,342
2016,Rhône-Méditerranée,> 100 000 PE,0.14231816,0,0,0,0,0,0,11.726015,41
2017,Artois-Picardie,0 - 200 PE,1.3699999999999998e-6,0,0,0,0,0,0,0.003467,28
2017,Artois-Picardie,200 - 2 000 PE,0.0013279700000000006,3.5e-5,0,0,0,6e-6,0,0.218007,249
2017,Artois-Picardie,2 000 - 10 000 PE,0.008071670000000003,4.08e-4,8e-6,0,0,0,0,0.764678,149
2017,Artois-Picardie,10 000 - 100 000 PE,0.03427714,0,0,0,4.84e-4,0,0,2.526014,85
2017,Artois-Picardie,> 100 000 PE,0.03368395,4.9e-4,0,0,0,0,0,2.536833,12
2017,Rhin-Meuse,0 - 200 PE,6.938000000000003e-5,0,0,0,0,0,0,0.017006,138
2017,Rhin-Meuse,200 - 2 000 PE,9.416500000000027e-4,0,0,0,0,0,0,0.342644,510
2017,Rhin-Meuse,2 000 - 10 000 PE,0.008453539999999999,2.86e-4,4.63e-4,0,0,1.71e-4,0,0.827214,175
2017,Rhin-Meuse,10 000 - 100 000 PE,0.030764200000000005,0.001208,0.002435,0,0,1.26e-4,0,2.678941,93
2017,Rhin-Meuse,> 100 000 PE,0.03590676,0,0.002262,0,0.018516,0,0,3.20355,9
2017,Seine-Normandie,0 - 200 PE,3.4282999999999997e-4,0,0,0,0,3e-6,0,0.046831,411
2017,Seine-Normandie,200 - 2 000 PE,0.0072277600000000015,8.7e-4,2.39e-4,0,1.1e-5,2.55e-4,0,1.175729,1657
2017,Seine-Normandie,2 000 - 10 000 PE,0.018165679999999993,0.004192,0.001843,4.5e-5,2.9e-5,3.57e-4,0,1.986308,475
2017,Seine-Normandie,10 000 - 100 000 PE,0.06702617000000001,0.022933,0.009259,3.97e-4,0.003429,8.04e-4,7.9e-5,5.39321,182
2017,Seine-Normandie,> 100 000 PE,0.20526914,0.005087,0.011681,0.002442,0.019905,4.46e-4,1.6e-5,19.009966,27
2017,Loire-Bretagne,0 - 200 PE,6.047600000000001e-4,1.9e-5,0,0,0,0,0,0.235826,2397
2017,Loire-Bretagne,200 - 2 000 PE,0.016616490000000008,0.003,7.4e-5,2.2e-5,1.3e-5,1.02e-4,0,2.393928,3654
2017,Loire-Bretagne,2 000 - 10 000 PE,0.03216134000000003,0.00919,9.39e-4,1.1e-4,3.5e-5,3.19e-4,0,3.4539,783
2017,Loire-Bretagne,10 000 - 100 000 PE,0.06981353,0.024124,0.010506,2.83e-4,6.87e-4,2.98e-4,4.3e-5,7.398922,248
2017,Loire-Bretagne,> 100 000 PE,0.08197117000000001,0.017399,0.013688,0,8.3e-5,0,0,6.489997,30
2017,Adour-Garonne,0 - 200 PE,3.450299999999999e-4,0,0,0,0,0,0,0.146111,1509
2017,Adour-Garonne,200 - 2 000 PE,0.006306830000000004,8.8e-5,9.6e-5,0,4e-6,1.13e-4,0,1.259803,1909
2017,Adour-Garonne,2 000 - 10 000 PE,0.01278091999999999,4.9e-4,0.002262,3.2e-5,0,3.48e-4,0,1.770289,403
2017,Adour-Garonne,10 000 - 100 000 PE,0.040885109999999995,0.001638,0.008193,0,3.53e-4,0,1.1e-5,4.550166,169
2017,Adour-Garonne,> 100 000 PE,0.03906768000000001,0.005458,0.010272,4.13e-4,0,0,0,4.1859,18
2017,Rhône-Méditerranée,0 - 200 PE,6.240699999999999e-4,0,0,0,0,0,0,0.137493,1319
2017,Rhône-Méditerranée,200 - 2 000 PE,0.005874839999999997,2.24e-4,3.92e-4,7e-6,5e-6,2.22e-4,0,1.915084,2936
2017,Rhône-Méditerranée,2 000 - 10 000 PE,0.029803469999999988,0.002649,0.018822,4e-6,1.08e-4,4.48e-4,2e-6,3.333047,741
2017,Rhône-Méditerranée,10 000 - 100 000 PE,0.10789830000000002,0.011971,0.035757,5.9e-5,0.006472,4.32e-4,0,10.407979,343
2017,Rhône-Méditerranée,> 100 000 PE,0.15454130000000002,0.009195,0.019757,3.21e-4,0.027663,0,0,12.002598,43
2018,Artois-Picardie,0 - 200 PE,2.604e-5,4e-6,0,0,0,1e-6,0,0.003467,27
2018,Artois-Picardie,200 - 2 000 PE,0.002105931,0.013027,2.1e-5,9e-6,8.1e-5,9.1e-5,0,0.237343,268
2018,Artois-Picardie,2 000 - 10 000 PE,0.0082227,0.005875,5.55e-4,8e-6,0,7.69e-4,0,0.752894,146
2018,Artois-Picardie,10 000 - 100 000 PE,0.03209583,0.025419,0.005954,0,0.001003,1.65e-4,5.8e-4,2.533448,86
2018,Artois-Picardie,> 100 000 PE,0.03517386,0.02242,0.009415,0.00181,0.00406,0,3.11e-4,2.516833,12
2018,Rhin-Meuse,0 - 200 PE,1.53e-5,0,0,0,0,5e-6,0,0.019205,156
2018,Rhin-Meuse,200 - 2 000 PE,0.0012172300000000004,9.36e-4,4.9e-5,0,0,3.4e-5,0,0.358209,531
2018,Rhin-Meuse,2 000 - 10 000 PE,0.010181630000000004,0.004178,0.001922,2.5e-5,4.7e-5,3.37e-4,0,0.830924,174
2018,Rhin-Meuse,10 000 - 100 000 PE,0.04877875000000001,0.010026,0.012787,3e-6,0,1.12e-4,2.65e-4,2.671841,92
2018,Rhin-Meuse,> 100 000 PE,0.03950392,0.014031,0.009458,0,0.016226,0,0,3.20355,9
2018,Seine-Normandie,0 - 200 PE,5.912000000000002e-5,1.5e-5,1.8e-5,0,0,2.7e-5,0,0.046903,409
2018,Seine-Normandie,200 - 2 000 PE,0.00747975,0.005388,6.37e-4,4e-6,1e-4,6.22e-4,3.1e-5,1.191349,1675
2018,Seine-Normandie,2 000 - 10 000 PE,0.02071301000000001,0.012936,0.003023,7.4e-4,3.36e-4,4.84e-4,1.62e-4,1.999508,475
2018,Seine-Normandie,10 000 - 100 000 PE,0.06661029000000002,0.040375,0.016052,2.1e-4,0.003255,9.83e-4,1.68e-4,5.37831,182
2018,Seine-Normandie,> 100 000 PE,0.23491665,0.025035,0.018568,5.14e-4,0.018241,0,1.32e-4,19.169966,28
2018,Loire-Bretagne,0 - 200 PE,7.571e-5,6.2e-5,0,0,0,1.3e-5,0,0.24086,2447
2018,Loire-Bretagne,200 - 2 000 PE,0.008158610000000002,0.01586,4.25e-4,4.4e-5,2.86e-4,2.25e-4,2e-6,2.429936,3684
2018,Loire-Bretagne,2 000 - 10 000 PE,0.030924499999999966,0.022585,0.003574,2.43e-4,0.001207,7.33e-4,5.4e-5,3.441829,783
2018,Loire-Bretagne,10 000 - 100 000 PE,0.06862439000000001,0.06001,0.021728,6.81e-4,0.002824,7.33e-4,0,7.464288,250
2018,Loire-Bretagne,> 100 000 PE,0.08899905,0.046053,0.025514,0.001041,0.001472,0,0,6.47883,30
2018,Adour-Garonne,0 - 200 PE,4.1527000000000003e-4,3.34e-4,1e-6,0,0,2.6e-5,0,0.149285,1589
2018,Adour-Garonne,200 - 2 000 PE,0.006075980000000009,0.004123,0.002507,3e-6,0,0.001432,0,1.281347,1943
2018,Adour-Garonne,2 000 - 10 000 PE,0.013683275999999986,0.004684,0.006915,2e-5,1.1e-4,9.59e-4,0,1.787929,403
2018,Adour-Garonne,10 000 - 100 000 PE,0.04222223999999999,0.00727,0.029696,0,0.002102,5.02e-4,0,4.601366,172
2018,Adour-Garonne,> 100 000 PE,0.04456121999999999,0.008392,0.024592,5.34e-4,0.009371,5.78e-4,0,4.0759,17
2018,Rhône-Méditerranée,0 - 200 PE,1.3492e-4,1.26e-4,4e-6,0,0,4.6e-5,0,0.140553,1349
2018,Rhône-Méditerranée,200 - 2 000 PE,0.004679489999999998,0.0051,9.54e-4,7e-6,4e-6,7.02e-4,1.1e-5,1.946767,2993
2018,Rhône-Méditerranée,2 000 - 10 000 PE,0.029291058000000002,0.008272,0.03613,1.03e-4,1.66e-4,7.67e-4,0,3.380074,749
2018,Rhône-Méditerranée,10 000 - 100 000 PE,0.10953177999999995,0.036596,0.094967,0,0.009907,7.04e-4,9.54e-4,10.489557,342
2018,Rhône-Méditerranée,> 100 000 PE,0.16813264000000003,0.024359,0.045392,3.09e-4,0.043926,0,0,12.165498,43
2019,Artois-Picardie,0 - 200 PE,3.1749999999999997e-6,0,0,0,0,0,0,0.003797,28
2019,Artois-Picardie,200 - 2 000 PE,0.0016482199999999997,0.001008,3.64e-4,0,1.9e-5,1.54e-4,0,0.241684,276
2019,Artois-Picardie,2 000 - 10 000 PE,0.008633029999999996,0.007616,8.38e-4,1.5e-5,0,4.57e-4,0,0.754093,148
2019,Artois-Picardie,10 000 - 100 000 PE,0.04184743999999999,0.0262,0.009805,0,6.54e-4,0,0,2.5485,87
2019,Artois-Picardie,> 100 000 PE,0.03490451000000001,0.018808,0.01351,0,0.003168,0,0,2.516833,12
2019,Rhin-Meuse,0 - 200 PE,1.5879999999999997e-5,0,5e-6,0,0,0,0,0.020543,165
2019,Rhin-Meuse,200 - 2 000 PE,0.0019191099999999993,7.42e-4,9.4e-5,2.1e-5,3e-6,8.7e-5,1.2e-5,0.373758,548
2019,Rhin-Meuse,2 000 - 10 000 PE,0.008962630000000003,0.003487,0.002158,4.8e-5,1.27e-4,4.83e-4,0,0.82194,170
2019,Rhin-Meuse,10 000 - 100 000 PE,0.034936669999999996,0.01188,0.014742,1.7e-4,3.9e-4,9.1e-5,0,2.667207,92
2019,Rhin-Meuse,> 100 000 PE,0.04081791,0.011892,0.005383,0,0.01736,0,0,3.20355,9
2019,Seine-Normandie,0 - 200 PE,5.179000000000002e-5,2e-5,1.4e-5,0,0,1.4e-5,0,0.050344,435
2019,Seine-Normandie,200 - 2 000 PE,0.007039239999999996,0.004853,7.51e-4,2.1e-5,9.3e-5,8.57e-4,0,1.200087,1677
2019,Seine-Normandie,2 000 - 10 000 PE,0.018712270000000024,0.012726,0.003711,5.1e-5,2.38e-4,0.001196,1.5e-4,1.992217,477
2019,Seine-Normandie,10 000 - 100 000 PE,0.062418900000000006,0.036858,0.018967,4.7e-4,0.003689,0.001243,1.46e-4,5.37831,182
2019,Seine-Normandie,> 100 000 PE,0.21720824000000005,0.032425,0.078238,0.002439,0.099478,0.001567,0.006637,19.169966,28
2019,Loire-Bretagne,0 - 200 PE,1.8472999999999987e-4,7.1e-5,1.4e-5,0,0,2.7e-5,0,0.244967,2478
2019,Loire-Bretagne,200 - 2 000 PE,0.010090640000000008,0.00609,9.54e-4,6e-5,5.1e-5,4.23e-4,0,2.452444,3711
2019,Loire-Bretagne,2 000 - 10 000 PE,0.03816258576999995,0.033025,0.004099,8.4e-5,5.67e-4,0.001005,0,3.480296,787
2019,Loire-Bretagne,10 000 - 100 000 PE,0.06924414999999996,0.038312,0.02894,1.85e-4,0.002565,6.24e-4,2e-6,7.456804,248
2019,Loire-Bretagne,> 100 000 PE,0.08557672000000001,0.043794,0.025413,9.99e-4,0.012999,0,0,6.510163,30
2019,Adour-Garonne,0 - 200 PE,1.1409999999999997e-4,8.2e-5,2e-6,0,0,2.1e-5,0,0.151067,1603
2019,Adour-Garonne,200 - 2 000 PE,0.004535699999999992,0.001741,7.41e-4,3.4e-5,1.4e-5,5.12e-4,7.4e-5,1.286555,1942
2019,Adour-Garonne,2 000 - 10 000 PE,0.012947430000000001,0.00317,0.007055,3.7e-5,1.82e-4,7.74e-4,3e-6,1.786925,401
2019,Adour-Garonne,10 000 - 100 000 PE,0.040588650000000004,0.007772,0.031153,0,3.31e-4,9.2e-5,0,4.615807,172
2019,Adour-Garonne,> 100 000 PE,0.05160624,0.008068,0.01673,0,0.009989,0,0,4.0759,17
2019,Rhône-Méditerranée,0 - 200 PE,2.044999999999999e-4,5e-6,7e-6,0,0,8.6e-5,0,0.142695,1378
2019,Rhône-Méditerranée,200 - 2 000 PE,0.016062153000000006,0.00142,0.0017,1.5e-5,3.7e-5,0.001065,1.5e-5,1.951846,3012
2019,Rhône-Méditerranée,2 000 - 10 000 PE,0.02893440999999997,0.007179,0.036214,1.21e-4,2.66e-4,0.021442,0,3.437056,757
2019,Rhône-Méditerranée,10 000 - 100 000 PE,0.10196650000000002,0.022951,0.061958,0.00119,0.01015,0.001179,1.78e-4,10.593875,344
2019,Rhône-Méditerranée,> 100 000 PE,0.14665457999999998,0.010236,0.052008,7.71e-4,0.050654,0,0.001855,12.174331,43
2020,Artois-Picardie,0 - 200 PE,3.585e-6,0,0,0,0,1e-6,0,0.004386,36
2020,Artois-Picardie,200 - 2 000 PE,0.0014895899999999994,8.66e-4,6.52e-4,0,2.3e-5,3.37e-4,0,0.251126,287
2020,Artois-Picardie,2 000 - 10 000 PE,0.00871233,0.007329,0.001524,2.2e-5,3.5e-5,6.23e-4,4.7e-5,0.75768,148
2020,Artois-Picardie,10 000 - 100 000 PE,0.033187190000000005,0.027439,0.010798,3.9e-5,6.84e-4,2.61e-4,0,2.540765,87
2020,Artois-Picardie,> 100 000 PE,0.033691940000000004,0.023764,0.0087,0,0.003277,0,0.00126,2.516833,12
2020,Rhin-Meuse,0 - 200 PE,3.900000000000001e-6,0,0,0,0,0,0,0.022133,177
2020,Rhin-Meuse,200 - 2 000 PE,7.265399999999999e-4,0.017937,1.05e-4,1.9e-5,3e-6,1.58e-4,0,0.390393,578
2020,Rhin-Meuse,2 000 - 10 000 PE,0.01130013,0.004378,0.002266,7e-6,1.23e-4,5.93e-4,0,0.834455,171
2020,Rhin-Meuse,10 000 - 100 000 PE,0.03046596,0.011084,0.017842,0,3.5e-5,1.19e-4,0,2.678507,91
2020,Rhin-Meuse,> 100 000 PE,0.03876459,0.008997,0.005735,1.8e-5,0.016389,0,2.4e-5,3.20355,9
2020,Seine-Normandie,0 - 200 PE,5.544000000000001e-5,3e-6,2.1e-5,0,0,8e-6,0,0.051383,446
2020,Seine-Normandie,200 - 2 000 PE,0.006848650000000001,0.001812,0.001517,0,1.47e-4,0.001296,1.2e-5,1.228735,1712
2020,Seine-Normandie,2 000 - 10 000 PE,0.01985858,0.009282,0.006116,4.3e-5,2.94e-4,0.001715,4.6e-5,2.005806,473
2020,Seine-Normandie,10 000 - 100 000 PE,0.06141357999999999,0.032294,0.023963,2.96e-4,0.003821,0.001381,2.84e-4,5.37831,182
2020,Seine-Normandie,> 100 000 PE,0.22455830999999996,0.016376,0.035602,5.33e-4,0.059543,2.18e-4,0.005318,19.247466,28
2020,Loire-Bretagne,0 - 200 PE,7.761000000000001e-5,4e-6,3e-6,0,0,1.4e-5,0,0.249324,2525
2020,Loire-Bretagne,200 - 2 000 PE,0.00884815999999999,0.003419,0.001744,2.2e-5,3.3e-5,7.09e-4,0,2.484617,3756
2020,Loire-Bretagne,2 000 - 10 000 PE,0.035922999999999976,0.021919,0.009074,8.2e-5,5.3e-4,0.005969,0,3.488354,787
2020,Loire-Bretagne,10 000 - 100 000 PE,0.07137694,0.052591,0.049488,2.13e-4,0.002507,9.55e-4,0,7.444904,248
2020,Loire-Bretagne,> 100 000 PE,0.08349781999999999,0.040103,0.028468,0.001048,0.016692,1.1e-5,0,6.335163,29
2020,Adour-Garonne,0 - 200 PE,1.2665000000000004e-4,0,1.6e-5,0,0,0.001027,0,0.153971,1620
2020,Adour-Garonne,200 - 2 000 PE,0.004261159999999997,5.65e-4,0.014519,2.6e-5,6e-6,6.8e-4,0,1.296633,1959
2020,Adour-Garonne,2 000 - 10 000 PE,0.013837089999999996,0.001608,0.009008,4.2e-5,1.83e-4,9.17e-4,1.2e-5,1.816192,404
2020,Adour-Garonne,10 000 - 100 000 PE,0.04161309000000001,0.005711,0.033,0,9.09e-4,6.26e-4,2e-6,4.658707,172
2020,Adour-Garonne,> 100 000 PE,0.044650470000000005,0.004641,0.024611,0,0.008159,4.35e-4,0,4.0759,17
2020,Rhône-Méditerranée,0 - 200 PE,3.304399999999999e-4,0,1.7e-5,0,0,6.3e-5,0,0.156306,1512
2020,Rhône-Méditerranée,200 - 2 000 PE,0.007240170000000001,7.2e-4,0.001531,3e-5,9.9e-5,0.001313,8e-6,1.982389,3051
2020,Rhône-Méditerranée,2 000 - 10 000 PE,0.030895359999999983,0.005503,0.021752,0.001881,4.23e-4,0.001263,6.9e-5,3.449717,754
2020,Rhône-Méditerranée,10 000 - 100 000 PE,0.10067691000000001,0.021438,0.065076,0.001209,0.010487,0.001045,1.8e-4,10.587007,341
2020,Rhône-Méditerranée,> 100 000 PE,0.15262450999999996,0.008491,0.06166,4.4e-5,0.056792,0,0.001558,12.305298,44
2021,Artois-Picardie,0 - 200 PE,2.3049999999999998e-5,2e-6,2.1e-5,0,0,0,0,0.004536,36
2021,Artois-Picardie,200 - 2 000 PE,0.00142074,7.39e-4,7.11e-4,3.1e-4,0,3.22e-4,0,0.249256,287
2021,Artois-Picardie,2 000 - 10 000 PE,0.008605910000000001,0.006883,0.001737,2.73e-4,0,0.00103,0,0.772052,152
2021,Artois-Picardie,10 000 - 100 000 PE,0.03253756000000001,0.026051,0.010882,0,7.15e-4,1.51e-4,0,2.527096,86
2021,Artois-Picardie,> 100 000 PE,0.034682279999999996,0.010509,0.017212,0,0.004418,0,0,2.516833,12
2021,Rhin-Meuse,0 - 200 PE,4.11e-6,0,0,0,0,1e-6,0,0.024009,191
2021,Rhin-Meuse,200 - 2 000 PE,9.631300000000003e-4,1.78e-4,2.26e-4,0,0,2.38e-4,0,0.400184,595
2021,Rhin-Meuse,2 000 - 10 000 PE,0.01117708,0.005361,0.002702,0,1.97e-4,6.5e-4,0,0.838975,171
2021,Rhin-Meuse,10 000 - 100 000 PE,0.031629189999999995,0.009725,0.018534,0,0,8.1e-5,0,2.668457,90
2021,Rhin-Meuse,> 100 000 PE,0.040974540000000004,0.009431,0.00757,1.9e-5,0.002468,0,0,3.23435,9
2021,Seine-Normandie,0 - 200 PE,4.081999999999999e-5,3e-6,0,0,0,1.2e-5,0,0.053247,460
2021,Seine-Normandie,200 - 2 000 PE,0.0067203000000000054,0.001062,0.001792,0,1.85e-4,0.001786,2.6e-5,1.238354,1715
2021,Seine-Normandie,2 000 - 10 000 PE,0.020154130000000017,0.00868,0.006518,6.2e-5,2.93e-4,0.002255,4.6e-5,2.02594,472
2021,Seine-Normandie,10 000 - 100 000 PE,0.06713788000000002,0.037513,0.023048,1.3e-4,0.003647,0.001076,0,5.386426,181
2021,Seine-Normandie,> 100 000 PE,0.23195549999999993,0.064166,0.038778,0.001125,0.057851,2e-6,0.006897,19.220466,28
2021,Loire-Bretagne,0 - 200 PE,1.3739e-4,7e-6,1.04e-4,0,0,1.6e-5,0,0.258081,2608
2021,Loire-Bretagne,200 - 2 000 PE,0.00991786,0.007973,0.002623,0,3.7e-5,0.002471,2.3e-5,2.476481,3729
2021,Loire-Bretagne,2 000 - 10 000 PE,0.03502007999999996,0.028389,0.010536,3.85e-4,6.43e-4,0.00256,0,3.49525,789
2021,Loire-Bretagne,10 000 - 100 000 PE,0.07307531000000005,0.039795,0.033513,0,0.002443,8.86e-4,1.1e-5,7.396594,247
2021,Loire-Bretagne,> 100 000 PE,0.08518495999999999,0.031741,0.037871,0.00102,0.009266,0,0,6.452163,29
2021,Adour-Garonne,0 - 200 PE,1.3129e-4,0,6e-6,0,0,3.1e-5,0,0.156429,1652
2021,Adour-Garonne,200 - 2 000 PE,0.003055580000000001,3.16e-4,0.001381,8e-6,8e-6,8e-4,0,1.302311,1968
2021,Adour-Garonne,2 000 - 10 000 PE,0.013716710000000007,0.001137,0.009242,7e-6,1.91e-4,9.23e-4,0,1.811825,402
2021,Adour-Garonne,10 000 - 100 000 PE,0.044102940000000014,0.005603,0.030787,1.22e-4,0.001044,2.04e-4,0,4.68169,172
2021,Adour-Garonne,> 100 000 PE,0.04440035,0.005884,0.015227,0,0.008437,0,0,4.0759,17
2021,Rhône-Méditerranée,0 - 200 PE,3.2171999999999973e-4,0,8e-6,0,0,1.06e-4,0,0.160369,1583
2021,Rhône-Méditerranée,200 - 2 000 PE,0.00605261000000001,8.26e-4,0.001652,1.4e-5,7e-6,0.001224,0,1.893064,2900
2021,Rhône-Méditerranée,2 000 - 10 000 PE,0.032556099,0.003916,0.018899,7e-5,4.16e-4,0.001145,0,3.333218,721
2021,Rhône-Méditerranée,10 000 - 100 000 PE,0.09920862000000007,0.019016,0.063608,0,0.012548,0.001435,0,10.188222,324
2021,Rhône-Méditerranée,> 100 000 PE,0.14465663000000004,0.006392,0.053686,4.5e-4,0.052537,3.02e-4,4.02e-4,12.051298,42
2007,Metropolitan France,0 - 200 PE,NA,NA,NA,NA,NA,NA,NA,0.374584,3689
2007,Metropolitan France,200 - 2 000 PE,NA,NA,NA,NA,NA,NA,NA,5.574198,8374
2007,Metropolitan France,2 000 - 10 000 PE,NA,NA,NA,NA,NA,NA,NA,8.604446,1966
2007,Metropolitan France,10 000 - 100 000 PE,NA,NA,NA,NA,NA,NA,NA,26.633514,907
2007,Metropolitan France,> 100 000 PE,NA,NA,NA,NA,NA,NA,NA,42.17186,120
2008,Metropolitan France,0 - 200 PE,NA,NA,NA,NA,NA,NA,NA,0.396549,3894
2008,Metropolitan France,200 - 2 000 PE,NA,NA,NA,NA,NA,NA,NA,5.823986,8760
2008,Metropolitan France,2 000 - 10 000 PE,NA,NA,NA,NA,NA,NA,NA,9.200263,2099
2008,Metropolitan France,10 000 - 100 000 PE,NA,NA,NA,NA,NA,NA,NA,28.373251,960
2008,Metropolitan France,> 100 000 PE,NA,NA,NA,NA,NA,NA,NA,42.39186,121
2009,Metropolitan France,0 - 200 PE,NA,NA,NA,NA,NA,NA,NA,0.412431,4030
2009,Metropolitan France,200 - 2 000 PE,NA,NA,NA,NA,NA,NA,NA,6.037855,9065
2009,Metropolitan France,2 000 - 10 000 PE,NA,NA,NA,NA,NA,NA,NA,9.785115,2223
2009,Metropolitan France,10 000 - 100 000 PE,NA,NA,NA,NA,NA,NA,NA,29.96362,1011
2009,Metropolitan France,> 100 000 PE,NA,NA,NA,NA,NA,NA,NA,43.248027,126
2010,Metropolitan France,0 - 200 PE,NA,NA,NA,NA,NA,NA,NA,0.42685,4159
2010,Metropolitan France,200 - 2 000 PE,NA,NA,NA,NA,NA,NA,NA,6.231432,9326
2010,Metropolitan France,2 000 - 10 000 PE,NA,NA,NA,NA,NA,NA,NA,10.365372,2350
2010,Metropolitan France,10 000 - 100 000 PE,NA,NA,NA,NA,NA,NA,NA,30.855839,1037
2010,Metropolitan France,> 100 000 PE,NA,NA,NA,NA,NA,NA,NA,43.916627,128
2011,Metropolitan France,0 - 200 PE,NA,NA,NA,NA,NA,NA,NA,0.440549,4287
2011,Metropolitan France,200 - 2 000 PE,NA,NA,NA,NA,NA,NA,NA,6.40597,9582
2011,Metropolitan France,2 000 - 10 000 PE,NA,NA,NA,NA,NA,NA,NA,10.909854,2471
2011,Metropolitan France,10 000 - 100 000 PE,NA,NA,NA,NA,NA,NA,NA,31.545692,1070
2011,Metropolitan France,> 100 000 PE,NA,NA,NA,NA,NA,NA,NA,44.707927,132
2012,Metropolitan France,0 - 200 PE,NA,NA,NA,NA,NA,NA,NA,0.454487,4400
2012,Metropolitan France,200 - 2 000 PE,NA,NA,NA,NA,NA,NA,NA,6.567996,9815
2012,Metropolitan France,2 000 - 10 000 PE,NA,NA,NA,NA,NA,NA,NA,11.237676,2548
2012,Metropolitan France,10 000 - 100 000 PE,NA,NA,NA,NA,NA,NA,NA,32.004428,1086
2012,Metropolitan France,> 100 000 PE,NA,NA,NA,NA,NA,NA,NA,45.059927,134
2013,Metropolitan France,0 - 200 PE,NA,NA,NA,NA,NA,NA,NA,0.470458,4541
2013,Metropolitan France,200 - 2 000 PE,NA,NA,NA,NA,NA,NA,NA,6.737246,10066
2013,Metropolitan France,2 000 - 10 000 PE,NA,NA,NA,NA,NA,NA,NA,11.556225,2616
2013,Metropolitan France,10 000 - 100 000 PE,NA,NA,NA,NA,NA,NA,NA,32.129049,1093
2013,Metropolitan France,> 100 000 PE,NA,NA,NA,NA,NA,NA,NA,45.176593,135
2014,Metropolitan France,0 - 200 PE,NA,NA,NA,NA,NA,NA,NA,0.479105,4636
2014,Metropolitan France,200 - 2 000 PE,NA,NA,NA,NA,NA,NA,NA,6.851959,10230
2014,Metropolitan France,2 000 - 10 000 PE,NA,NA,NA,NA,NA,NA,NA,11.812163,2676
2014,Metropolitan France,10 000 - 100 000 PE,NA,NA,NA,NA,NA,NA,NA,32.425849,1106
2014,Metropolitan France,> 100 000 PE,NA,NA,NA,NA,NA,NA,NA,46.097593,138
2015,Metropolitan France,0 - 200 PE,0.002258,2.9e-5,0,0,0,0,0,0.556414,5504
2015,Metropolitan France,200 - 2 000 PE,0.042465,1.21e-4,8.2e-5,0,3e-6,3.1e-5,0,7.193246,10743
2015,Metropolitan France,2 000 - 10 000 PE,0.107629333,0.001267,3.79e-4,1.3e-5,2.9e-5,4e-6,0,12.083496,2734
2015,Metropolitan France,10 000 - 100 000 PE,0.335413,0.002317,0.002524,0,3.2e-5,0,0,32.509263,1106
2015,Metropolitan France,> 100 000 PE,0.586723,0,0,0,0,0,0,47.419094,139
2016,Metropolitan France,0 - 200 PE,0.0023741400000000016,1e-6,0,0,0,0,0,0.570607,5648
2016,Metropolitan France,200 - 2 000 PE,0.04205886999999996,6.2e-5,5e-6,0,0,1.1e-5,0,7.222143,10786
2016,Metropolitan France,2 000 - 10 000 PE,0.10812815999999988,5.97e-4,8.6e-5,0,2.9e-5,4e-5,0,12.037044,2711
2016,Metropolitan France,10 000 - 100 000 PE,0.3308224099999999,0.001986,0.001204,0,0,0,0,32.832928,1117
2016,Metropolitan France,> 100 000 PE,0.48263558999999995,0,0,0,0,0,0,47.062261,137
2017,Metropolitan France,0 - 200 PE,0.0019874400000000026,1.9e-5,0,0,0,3e-6,0,0.586734,5802
2017,Metropolitan France,200 - 2 000 PE,0.03829554000000008,0.004217,8.01e-4,2.9e-5,3.3e-5,6.98e-4,0,7.305195,10915
2017,Metropolitan France,2 000 - 10 000 PE,0.10943661999999986,0.017215,0.024337,1.91e-4,1.72e-4,0.001643,2e-6,12.135436,2726
2017,Metropolitan France,10 000 - 100 000 PE,0.3506644499999997,0.061874,0.06615,7.39e-4,0.011425,0.00166,1.33e-4,32.955232,1120
2017,Metropolitan France,> 100 000 PE,0.55044,0.037629,0.05766,0.003176,0.066167,4.46e-4,1.6e-5,47.428844,139
2018,Metropolitan France,0 - 200 PE,7.263599999999998e-4,5.41e-4,2.3e-5,0,0,1.18e-4,0,0.600273,5977
2018,Metropolitan France,200 - 2 000 PE,0.02971699099999995,0.044434,0.004593,6.7e-5,4.71e-4,0.003106,4.4e-5,7.444951,11094
2018,Metropolitan France,2 000 - 10 000 PE,0.11301617399999996,0.05853,0.052119,0.001139,0.001866,0.004049,2.16e-4,12.193158,2730
2018,Metropolitan France,10 000 - 100 000 PE,0.36786327999999957,0.179696,0.181184,8.94e-4,0.019091,0.003199,0.001967,33.13881,1124
2018,Metropolitan France,> 100 000 PE,0.6112873399999998,0.14029,0.132939,0.004208,0.093296,5.78e-4,4.43e-4,47.610577,139
2019,Metropolitan France,0 - 200 PE,5.741749999999994e-4,1.78e-4,4.2e-5,0,0,1.48e-4,0,0.613413,6087
2019,Metropolitan France,200 - 2 000 PE,0.041295062999999965,0.015854,0.004604,1.51e-4,2.17e-4,0.003098,1.01e-4,7.506374,11166
2019,Metropolitan France,2 000 - 10 000 PE,0.1163523557699999,0.067203,0.054075,3.56e-4,0.00138,0.025357,1.53e-4,12.272527,2740
2019,Metropolitan France,10 000 - 100 000 PE,0.35100230999999993,0.143973,0.165565,0.002015,0.017779,0.003229,3.26e-4,33.260503,1125
2019,Metropolitan France,> 100 000 PE,0.5767682,0.125223,0.191282,0.004209,0.193648,0.001567,0.008492,47.650743,139
2020,Metropolitan France,0 - 200 PE,5.976249999999994e-4,7e-6,5.7e-5,0,0,0.001113,0,0.637503,6316
2020,Metropolitan France,200 - 2 000 PE,0.02941427000000004,0.025319,0.020068,9.7e-5,3.11e-4,0.004493,2e-5,7.633893,11343
2020,Metropolitan France,2 000 - 10 000 PE,0.12052648999999988,0.050019,0.04974,0.002077,0.001588,0.01108,1.74e-4,12.352204,2737
2020,Metropolitan France,10 000 - 100 000 PE,0.33873366999999965,0.150557,0.200167,0.001757,0.018443,0.004387,4.66e-4,33.2882,1121
2020,Metropolitan France,> 100 000 PE,0.5777876400000002,0.102372,0.164776,0.001643,0.160852,6.64e-4,0.00816,47.68421,139
2021,Metropolitan France,0 - 200 PE,6.583800000000002e-4,1.2e-5,1.39e-4,0,0,1.66e-4,0,0.656671,6530
2021,Metropolitan France,200 - 2 000 PE,0.028130219999999963,0.011094,0.008385,3.32e-4,2.37e-4,0.006841,4.9e-5,7.55965,11194
2021,Metropolitan France,2 000 - 10 000 PE,0.12123000899999997,0.054366,0.049634,7.97e-4,0.00174,0.008563,4.6e-5,12.27726,2707
2021,Metropolitan France,10 000 - 100 000 PE,0.34769149999999976,0.137703,0.180372,2.52e-4,0.020397,0.003833,1.1e-5,32.848485,1100
2021,Metropolitan France,> 100 000 PE,0.5818542600000002,0.128123,0.170344,0.002614,0.134977,3.04e-4,0.007299,47.55101,137
